number,crime,location_id,date_id,type_id
103040061,AUTO THEFT,0,0,0
103040169,LARCENY-FROM VEHICLE,1,0,1
103040301,LARCENY-NON VEHICLE,2,0,2
103040345,ROBBERY-PEDESTRIAN,3,0,2
103040385,LARCENY-NON VEHICLE,4,0,2
103040412,LARCENY-FROM VEHICLE,5,0,3
103040443,AGG ASSAULT,6,0,2
103040472,AGG ASSAULT,7,0,4
103040504,LARCENY-FROM VEHICLE,8,0,2
103040611,RAPE,9,0,5
103040890,AUTO THEFT,10,0,2
103040928,LARCENY-FROM VEHICLE,11,0,4
103040964,LARCENY-NON VEHICLE,12,0,2
103040966,AUTO THEFT,13,0,2
103040973,BURGLARY-RESIDENCE,14,0,2
103041004,LARCENY-NON VEHICLE,15,0,3
103041024,LARCENY-FROM VEHICLE,16,0,2
103041130,BURGLARY-RESIDENCE,17,0,2
103041136,AUTO THEFT,18,0,2
103041181,LARCENY-FROM VEHICLE,19,0,2
103041224,BURGLARY-RESIDENCE,20,0,2
103041231,LARCENY-FROM VEHICLE,21,0,2
103041236,BURGLARY-NONRES,22,0,2
103041263,LARCENY-NON VEHICLE,23,0,2
103041308,LARCENY-FROM VEHICLE,24,0,2
103041311,LARCENY-FROM VEHICLE,25,0,2
103041320,BURGLARY-RESIDENCE,26,0,2
103041333,AUTO THEFT,27,0,2
103041390,LARCENY-NON VEHICLE,28,0,2
103041424,LARCENY-FROM VEHICLE,29,0,4
103041455,LARCENY-NON VEHICLE,30,0,6
103041546,LARCENY-FROM VEHICLE,31,0,2
103041561,LARCENY-FROM VEHICLE,32,0,3
103041587,LARCENY-FROM VEHICLE,33,0,2
103041588,AUTO THEFT,34,0,2
103041647,AGG ASSAULT,35,0,2
103041669,LARCENY-FROM VEHICLE,36,0,2
103041670,AUTO THEFT,37,0,4
103041700,LARCENY-NON VEHICLE,38,0,7
103041703,LARCENY-FROM VEHICLE,39,0,6
103041704,LARCENY-NON VEHICLE,40,0,1
103041722,AUTO THEFT,41,0,6
103041750,LARCENY-NON VEHICLE,40,0,1
103041776,LARCENY-FROM VEHICLE,42,0,2
103041794,AUTO THEFT,43,0,8
103041832,LARCENY-FROM VEHICLE,44,0,2
103041860,LARCENY-FROM VEHICLE,45,0,3
103041864,BURGLARY-RESIDENCE,46,0,2
103041887,LARCENY-NON VEHICLE,47,0,2
103041966,AGG ASSAULT,48,0,2
103041975,AGG ASSAULT,49,0,2
103042095,LARCENY-FROM VEHICLE,50,0,2
103042108,BURGLARY-RESIDENCE,51,0,2
103042132,LARCENY-NON VEHICLE,52,0,1
103042152,LARCENY-FROM VEHICLE,40,0,1
103042163,AGG ASSAULT,53,0,2
103041842081,HOMICIDE,54,0,2
103041495080,HOMICIDE,55,0,2
103032454079,HOMICIDE,56,0,2
103040581078,HOMICIDE,57,0,2
103032507,LARCENY-NON VEHICLE,58,1,4
103032617,AGG ASSAULT,59,1,2
103031107,LARCENY-FROM VEHICLE,60,1,2
103031141,LARCENY-FROM VEHICLE,61,1,2
103031163,LARCENY-FROM VEHICLE,62,1,0
103031169,BURGLARY-RESIDENCE,63,1,4
103031236,AUTO THEFT,64,1,3
103031257,LARCENY-FROM VEHICLE,65,1,2
103031315,AUTO THEFT,66,1,1
103031385,LARCENY-FROM VEHICLE,67,1,4
103031508,ROBBERY-PEDESTRIAN,68,1,2
103031540,LARCENY-FROM VEHICLE,69,1,2
103031563,BURGLARY-RESIDENCE,70,1,2
103031573,LARCENY-NON VEHICLE,71,1,1
103031590,LARCENY-NON VEHICLE,72,1,4
103031646,BURGLARY-RESIDENCE,73,1,2
103031746,BURGLARY-RESIDENCE,74,1,2
103031804,LARCENY-FROM VEHICLE,75,1,3
103031922,LARCENY-NON VEHICLE,76,1,2
103032002,LARCENY-FROM VEHICLE,77,1,1
103032013,ROBBERY-PEDESTRIAN,78,1,2
103032044,LARCENY-NON VEHICLE,79,1,2
103032241,AUTO THEFT,80,1,4
103032340,LARCENY-FROM VEHICLE,81,1,2
103030033,LARCENY-FROM VEHICLE,82,1,3
103030182,LARCENY-FROM VEHICLE,83,1,2
103030304,AGG ASSAULT,84,1,4
103030360,AGG ASSAULT,85,1,6
103030387,ROBBERY-RESIDENCE,86,1,2
103030473,BURGLARY-RESIDENCE,87,1,2
103030594,LARCENY-FROM VEHICLE,88,1,9
103030616,AUTO THEFT,89,1,2
103030631,LARCENY-FROM VEHICLE,90,1,1
103030698,AUTO THEFT,91,1,2
103030733,BURGLARY-RESIDENCE,92,1,2
103030772,AGG ASSAULT,93,1,2
103030778,LARCENY-FROM VEHICLE,94,1,2
103030847,AUTO THEFT,95,1,2
103030855,AUTO THEFT,96,1,2
103030860,LARCENY-FROM VEHICLE,97,1,3
103030916,LARCENY-FROM VEHICLE,98,1,4
103030917,AUTO THEFT,99,1,2
103030941,LARCENY-FROM VEHICLE,60,1,2
103031052,LARCENY-FROM VEHICLE,100,1,2
103031064,LARCENY-FROM VEHICLE,101,1,2
103031082,LARCENY-NON VEHICLE,102,1,4
103022782,LARCENY-FROM VEHICLE,103,1,4
103012699,BURGLARY-RESIDENCE,104,2,2
103020069,AGG ASSAULT,105,2,6
103020373,AUTO THEFT,106,2,2
103020506,AUTO THEFT,107,2,2
103020531,AUTO THEFT,108,2,2
103020551,AUTO THEFT,109,2,2
103020638,LARCENY-FROM VEHICLE,60,2,2
103020723,LARCENY-FROM VEHICLE,110,2,3
103020741,LARCENY-FROM VEHICLE,111,2,5
103020832,LARCENY-FROM VEHICLE,112,2,2
103020845,AUTO THEFT,113,2,2
103020846,AUTO THEFT,114,2,2
103020888,LARCENY-NON VEHICLE,115,2,1
103020985,BURGLARY-RESIDENCE,116,2,2
103021027,LARCENY-FROM VEHICLE,117,2,2
103021037,LARCENY-FROM VEHICLE,118,2,2
103021067,LARCENY-FROM VEHICLE,119,2,2
103021204,AUTO THEFT,120,2,2
103021256,AUTO THEFT,121,2,6
103021265,LARCENY-NON VEHICLE,122,2,2
103021275,LARCENY-NON VEHICLE,123,2,2
103021281,BURGLARY-RESIDENCE,124,2,2
103021289,LARCENY-FROM VEHICLE,125,2,6
103021335,LARCENY-FROM VEHICLE,126,2,2
103021347,BURGLARY-RESIDENCE,127,2,2
103021411,BURGLARY-RESIDENCE,128,2,2
103021445,LARCENY-FROM VEHICLE,129,2,2
103021455,LARCENY-NON VEHICLE,130,2,3
103021457,LARCENY-NON VEHICLE,40,2,1
103021478,LARCENY-FROM VEHICLE,131,2,2
103021503,BURGLARY-RESIDENCE,132,2,2
103021526,LARCENY-NON VEHICLE,133,2,2
103021556,LARCENY-FROM VEHICLE,134,2,4
103021573,LARCENY-FROM VEHICLE,135,2,6
103021612,LARCENY-NON VEHICLE,136,2,6
103021651,LARCENY-FROM VEHICLE,137,2,2
103021741,BURGLARY-RESIDENCE,138,2,2
103021832,LARCENY-NON VEHICLE,139,2,4
103021861,ROBBERY-PEDESTRIAN,140,2,2
103021886,ROBBERY-PEDESTRIAN,141,2,3
103021891,ROBBERY-COMMERCIAL,142,2,4
103021918,AUTO THEFT,143,2,6
103021969,LARCENY-FROM VEHICLE,88,2,9
103022029,LARCENY-NON VEHICLE,144,2,2
103022071,BURGLARY-RESIDENCE,145,2,2
103022075,LARCENY-NON VEHICLE,146,2,0
103022127,LARCENY-NON VEHICLE,147,2,2
103022176,LARCENY-NON VEHICLE,14,2,2
103022218,LARCENY-NON VEHICLE,148,2,1
103022318,AUTO THEFT,149,2,2
103022389,ROBBERY-PEDESTRIAN,150,2,7
103022426,LARCENY-FROM VEHICLE,151,2,4
103022445,AGG ASSAULT,152,2,2
103022457,AGG ASSAULT,153,2,6
103022665,LARCENY-FROM VEHICLE,154,2,1
103022702,LARCENY-FROM VEHICLE,155,2,4
102970294,AGG ASSAULT,156,2,2
103010902,BURGLARY-RESIDENCE,157,3,2
103010920,BURGLARY-RESIDENCE,158,3,2
103010944,LARCENY-FROM VEHICLE,159,3,3
103010953,BURGLARY-RESIDENCE,160,3,2
103010964,LARCENY-NON VEHICLE,161,3,2
103010984,BURGLARY-RESIDENCE,162,3,2
103011049,AGG ASSAULT,163,3,2
103011051,LARCENY-NON VEHICLE,164,3,2
103011054,AUTO THEFT,123,3,2
103011066,BURGLARY-RESIDENCE,165,3,2
103011084,LARCENY-NON VEHICLE,166,3,3
103011162,LARCENY-FROM VEHICLE,167,3,2
103011169,LARCENY-FROM VEHICLE,168,3,6
103011170,AUTO THEFT,169,3,2
103011191,BURGLARY-RESIDENCE,170,3,2
103011225,ROBBERY-PEDESTRIAN,171,3,2
103011256,LARCENY-FROM VEHICLE,172,3,2
103011321,AUTO THEFT,173,3,2
103011333,LARCENY-FROM VEHICLE,174,3,2
103011362,BURGLARY-RESIDENCE,175,3,2
103011385,LARCENY-NON VEHICLE,176,3,2
103011443,AGG ASSAULT,177,3,2
103011509,LARCENY-NON VEHICLE,142,3,4
103011526,LARCENY-FROM VEHICLE,178,3,4
103011534,LARCENY-NON VEHICLE,179,3,2
103011608,LARCENY-NON VEHICLE,148,3,1
103011711,LARCENY-FROM VEHICLE,180,3,4
103011739,LARCENY-NON VEHICLE,181,3,2
103011742,BURGLARY-RESIDENCE,182,3,2
103011775,LARCENY-FROM VEHICLE,183,3,2
103011801,LARCENY-FROM VEHICLE,184,3,2
103011819,LARCENY-FROM VEHICLE,185,3,2
103011904,LARCENY-FROM VEHICLE,186,3,1
103011922,LARCENY-FROM VEHICLE,187,3,2
103012061,LARCENY-FROM VEHICLE,188,3,3
103012067,AGG ASSAULT,189,3,2
103012098,LARCENY-NON VEHICLE,115,3,1
103012137,LARCENY-NON VEHICLE,148,3,1
103012217,LARCENY-FROM VEHICLE,190,3,6
103012248,BURGLARY-RESIDENCE,191,3,2
103012308,LARCENY-NON VEHICLE,192,3,2
103012323,ROBBERY-PEDESTRIAN,193,3,4
103012325,LARCENY-FROM VEHICLE,194,3,4
103012343,LARCENY-FROM VEHICLE,195,3,4
103012371,AUTO THEFT,196,3,2
103012395,LARCENY-NON VEHICLE,197,3,2
103012411,AUTO THEFT,198,3,4
103012481,AUTO THEFT,199,3,8
103012490,LARCENY-FROM VEHICLE,200,3,2
103012493,LARCENY-FROM VEHICLE,201,3,2
103012543,LARCENY-FROM VEHICLE,202,3,2
103012577,AUTO THEFT,203,3,2
103012587,LARCENY-FROM VEHICLE,204,3,2
103012589,AUTO THEFT,205,3,2
103012647,LARCENY-FROM VEHICLE,206,3,2
103012660,BURGLARY-RESIDENCE,207,3,2
103012728,ROBBERY-PEDESTRIAN,208,3,2
103012757,LARCENY-FROM VEHICLE,209,3,2
103010052,LARCENY-FROM VEHICLE,210,3,3
103010122,LARCENY-FROM VEHICLE,211,3,3
103010133,BURGLARY-NONRES,212,3,2
103010260,LARCENY-FROM VEHICLE,213,3,2
103010461,BURGLARY-NONRES,214,3,2
103010467,BURGLARY-NONRES,215,3,2
103010468,LARCENY-FROM VEHICLE,216,3,2
103010486,LARCENY-NON VEHICLE,39,3,6
103010656,LARCENY-NON VEHICLE,217,3,2
103010681,LARCENY-FROM VEHICLE,218,3,5
103010714,AUTO THEFT,219,3,2
103010796,LARCENY-NON VEHICLE,220,3,2
103010870,LARCENY-FROM VEHICLE,221,3,2
103001207,LARCENY-NON VEHICLE,222,4,2
103001215,AUTO THEFT,115,4,1
103001229,LARCENY-FROM VEHICLE,223,4,2
103001249,BURGLARY-NONRES,224,4,4
103001269,BURGLARY-RESIDENCE,225,4,2
103001280,BURGLARY-NONRES,226,4,2
103001378,BURGLARY-RESIDENCE,227,4,2
103001385,LARCENY-FROM VEHICLE,228,4,2
103001413,AGG ASSAULT,229,4,2
103001469,BURGLARY-RESIDENCE,230,4,2
103001480,LARCENY-FROM VEHICLE,231,4,2
103001512,LARCENY-NON VEHICLE,232,4,2
103001522,AUTO THEFT,233,4,2
103001532,BURGLARY-RESIDENCE,234,4,2
103001684,AUTO THEFT,186,4,1
103001697,LARCENY-FROM VEHICLE,58,4,4
103001740,LARCENY-NON VEHICLE,235,4,4
103001812,LARCENY-FROM VEHICLE,236,4,2
103001889,BURGLARY-RESIDENCE,237,4,4
103002087,BURGLARY-RESIDENCE,238,4,2
103002094,LARCENY-FROM VEHICLE,239,4,2
103002095,LARCENY-FROM VEHICLE,240,4,3
103002160,AGG ASSAULT,241,4,2
103002266,ROBBERY-PEDESTRIAN,242,4,2
103002301,AUTO THEFT,243,4,2
103002337,LARCENY-FROM VEHICLE,244,4,3
103002352,AGG ASSAULT,245,4,2
103002380,LARCENY-FROM VEHICLE,154,4,1
103002393,LARCENY-FROM VEHICLE,246,4,4
103002398,LARCENY-FROM VEHICLE,247,4,4
103002402,AGG ASSAULT,248,4,2
103000051,AGG ASSAULT,249,4,2
103000078,AGG ASSAULT,250,4,2
103000084,BURGLARY-NONRES,251,4,2
103000110,LARCENY-FROM VEHICLE,252,4,2
103000131,AGG ASSAULT,253,4,8
103000135,ROBBERY-PEDESTRIAN,254,4,2
103000189,LARCENY-FROM VEHICLE,188,4,10
103000272,AGG ASSAULT,255,4,2
103000287,LARCENY-FROM VEHICLE,256,4,3
103000449,ROBBERY-PEDESTRIAN,257,4,2
103000495,ROBBERY-PEDESTRIAN,258,4,2
103000500,ROBBERY-PEDESTRIAN,259,4,2
103000516,AUTO THEFT,60,4,2
103000518,ROBBERY-PEDESTRIAN,260,4,2
103000535,AUTO THEFT,261,4,2
103000608,AUTO THEFT,262,4,2
103000654,LARCENY-FROM VEHICLE,263,4,2
103000657,AUTO THEFT,264,4,2
103000671,LARCENY-FROM VEHICLE,265,4,2
103000788,BURGLARY-RESIDENCE,266,4,2
103000801,AUTO THEFT,267,4,2
103000822,BURGLARY-NONRES,268,4,2
103000858,LARCENY-FROM VEHICLE,63,4,4
103000884,LARCENY-FROM VEHICLE,269,4,2
103000936,ROBBERY-COMMERCIAL,270,4,1
103000950,BURGLARY-RESIDENCE,271,4,2
103000968,BURGLARY-NONRES,272,4,2
103001018,BURGLARY-RESIDENCE,273,4,2
103001042,AUTO THEFT,274,4,2
103001056,BURGLARY-RESIDENCE,275,4,2
103001072,AGG ASSAULT,276,4,2
103001073,LARCENY-NON VEHICLE,277,4,4
103001085,BURGLARY-RESIDENCE,278,4,2
103001088,LARCENY-NON VEHICLE,279,4,2
103001139,LARCENY-FROM VEHICLE,280,4,2
103001179,LARCENY-NON VEHICLE,281,4,6
102800447,AUTO THEFT,282,4,2
102990002,LARCENY-FROM VEHICLE,283,5,4
102990080,BURGLARY-NONRES,284,5,2
102990174,LARCENY-NON VEHICLE,285,5,4
102990323,BURGLARY-RESIDENCE,286,5,4
102990340,LARCENY-FROM VEHICLE,287,5,3
102990401,LARCENY-FROM VEHICLE,288,5,4
102990449,ROBBERY-PEDESTRIAN,289,5,2
102990455,AUTO THEFT,290,5,2
102990473,LARCENY-FROM VEHICLE,291,5,6
102990475,LARCENY-NON VEHICLE,292,5,5
102990608,LARCENY-FROM VEHICLE,293,5,3
102990696,LARCENY-FROM VEHICLE,294,5,2
102990713,LARCENY-FROM VEHICLE,295,5,4
102990732,LARCENY-FROM VEHICLE,296,5,2
102990735,LARCENY-NON VEHICLE,297,5,2
102990755,LARCENY-FROM VEHICLE,298,5,2
102990794,LARCENY-FROM VEHICLE,299,5,2
102990834,LARCENY-FROM VEHICLE,300,5,2
102990876,BURGLARY-RESIDENCE,301,5,2
102990927,LARCENY-FROM VEHICLE,302,5,3
102991042,AGG ASSAULT,303,5,2
102991066,LARCENY-NON VEHICLE,304,5,2
102991077,LARCENY-NON VEHICLE,305,5,8
102991109,LARCENY-FROM VEHICLE,306,5,2
102991110,BURGLARY-RESIDENCE,307,5,2
102991192,BURGLARY-NONRES,308,5,2
102991350,LARCENY-NON VEHICLE,115,5,1
102991368,LARCENY-NON VEHICLE,309,5,2
102991393,AUTO THEFT,310,5,4
102991398,BURGLARY-RESIDENCE,311,5,2
102991403,LARCENY-NON VEHICLE,312,5,2
102991563,LARCENY-NON VEHICLE,313,5,4
102991619,AUTO THEFT,314,5,6
102991627,LARCENY-NON VEHICLE,315,5,1
102991629,LARCENY-FROM VEHICLE,316,5,4
102991688,BURGLARY-RESIDENCE,317,5,2
102991741,LARCENY-FROM VEHICLE,318,5,4
102991803,BURGLARY-RESIDENCE,319,5,2
102991816,LARCENY-FROM VEHICLE,320,5,2
102991863,LARCENY-FROM VEHICLE,321,5,1
102991873,BURGLARY-RESIDENCE,322,5,2
102991883,BURGLARY-RESIDENCE,323,5,6
102991897,BURGLARY-RESIDENCE,324,5,3
102991910,LARCENY-NON VEHICLE,142,5,4
102991936,LARCENY-NON VEHICLE,325,5,2
102991955,LARCENY-NON VEHICLE,40,5,1
102991970,LARCENY-FROM VEHICLE,326,5,2
102991986,LARCENY-NON VEHICLE,327,5,2
102992041,AGG ASSAULT,164,5,2
102992047,LARCENY-FROM VEHICLE,328,5,3
102992080,LARCENY-FROM VEHICLE,329,5,2
102992095,AUTO THEFT,330,5,2
102992126,LARCENY-FROM VEHICLE,331,5,10
102992128,LARCENY-NON VEHICLE,332,5,2
102992129,LARCENY-NON VEHICLE,333,5,2
102992150,AUTO THEFT,334,5,2
102992215,LARCENY-NON VEHICLE,148,5,1
102992315,AUTO THEFT,335,5,7
102992374,LARCENY-NON VEHICLE,336,5,3
102992376,LARCENY-FROM VEHICLE,337,5,6
102992407,LARCENY-FROM VEHICLE,338,5,2
102992434,LARCENY-FROM VEHICLE,339,5,3
102992467,AUTO THEFT,340,5,2
102992478,LARCENY-NON VEHICLE,341,5,2
102992503,LARCENY-FROM VEHICLE,252,5,2
102992541,LARCENY-FROM VEHICLE,342,5,2
102992602,AGG ASSAULT,343,5,2
102982079,AGG ASSAULT,344,5,4
102982110,LARCENY-FROM VEHICLE,345,6,2
102981611,BURGLARY-RESIDENCE,346,6,2
102981641,LARCENY-NON VEHICLE,142,6,4
102981643,LARCENY-NON VEHICLE,347,6,2
102981692,BURGLARY-RESIDENCE,348,6,2
102981718,LARCENY-FROM VEHICLE,349,6,2
102981827,LARCENY-NON VEHICLE,350,6,2
102981920,BURGLARY-RESIDENCE,351,6,2
102981931,AGG ASSAULT,352,6,4
102981941,LARCENY-FROM VEHICLE,353,6,2
102981946,LARCENY-FROM VEHICLE,354,6,2
102981954,LARCENY-FROM VEHICLE,355,6,2
102981961,AGG ASSAULT,356,6,2
102981981,BURGLARY-NONRES,268,6,2
102982021,AGG ASSAULT,357,6,2
102982078,BURGLARY-RESIDENCE,358,6,1
102971113,LARCENY-NON VEHICLE,359,6,2
102962205,BURGLARY-RESIDENCE,360,6,2
102980037,AUTO THEFT,185,6,2
102980123,LARCENY-FROM VEHICLE,361,6,2
102980176,AUTO THEFT,362,6,2
102980397,LARCENY-FROM VEHICLE,363,6,2
102980404,AUTO THEFT,88,6,9
102980500,AUTO THEFT,364,6,2
102980509,BURGLARY-RESIDENCE,365,6,2
102980557,LARCENY-FROM VEHICLE,366,6,2
102980583,BURGLARY-RESIDENCE,367,6,2
102980590,LARCENY-FROM VEHICLE,368,6,2
102980682,BURGLARY-RESIDENCE,369,6,2
102980699,LARCENY-NON VEHICLE,370,6,2
102980729,LARCENY-NON VEHICLE,371,6,2
102980739,LARCENY-NON VEHICLE,277,6,4
102980753,AUTO THEFT,372,6,3
102980760,BURGLARY-RESIDENCE,373,6,2
102980771,AUTO THEFT,374,6,9
102980788,AUTO THEFT,375,6,6
102980813,BURGLARY-RESIDENCE,376,6,2
102980831,AUTO THEFT,377,6,2
102980868,LARCENY-FROM VEHICLE,45,6,3
102980895,LARCENY-NON VEHICLE,378,6,2
102980941,LARCENY-FROM VEHICLE,379,6,4
102981053,AUTO THEFT,380,6,4
102981066,AGG ASSAULT,381,6,2
102981087,BURGLARY-RESIDENCE,382,6,2
102981090,LARCENY-FROM VEHICLE,338,6,2
102981117,AUTO THEFT,383,6,2
102981145,LARCENY-NON VEHICLE,384,6,2
102981170,LARCENY-NON VEHICLE,385,6,8
102981178,BURGLARY-RESIDENCE,386,6,2
102981193,LARCENY-FROM VEHICLE,387,6,4
102981205,LARCENY-FROM VEHICLE,385,6,8
102981216,BURGLARY-RESIDENCE,388,6,2
102981260,LARCENY-FROM VEHICLE,389,6,2
102981273,LARCENY-FROM VEHICLE,390,6,2
102981283,LARCENY-FROM VEHICLE,391,6,4
102981299,LARCENY-NON VEHICLE,115,6,1
102981343,BURGLARY-RESIDENCE,392,6,2
102981357,BURGLARY-NONRES,393,6,0
102981416,AUTO THEFT,394,6,2
102981429,BURGLARY-RESIDENCE,392,6,2
102981568,ROBBERY-PEDESTRIAN,395,6,6
102981571,LARCENY-NON VEHICLE,396,6,4
102981596,BURGLARY-RESIDENCE,397,6,2
102981597,LARCENY-FROM VEHICLE,168,6,6
102981600,LARCENY-NON VEHICLE,398,6,2
102972065,BURGLARY-RESIDENCE,399,7,2
102962360,ROBBERY-PEDESTRIAN,400,7,2
102970039,AUTO THEFT,401,7,2
102970044,LARCENY-FROM VEHICLE,402,7,3
102970101,LARCENY-NON VEHICLE,4,7,2
102970123,AUTO THEFT,403,7,2
102970178,ROBBERY-PEDESTRIAN,404,7,2
102970180,LARCENY-NON VEHICLE,405,7,2
102970198,BURGLARY-RESIDENCE,406,7,6
102971123,LARCENY-FROM VEHICLE,407,7,2
102971155,BURGLARY-RESIDENCE,408,7,2
102971204,AGG ASSAULT,409,7,2
102971223,LARCENY-FROM VEHICLE,410,7,4
102971229,LARCENY-FROM VEHICLE,411,7,3
102971265,LARCENY-FROM VEHICLE,412,7,4
102971275,BURGLARY-RESIDENCE,46,7,2
102971285,AUTO THEFT,185,7,2
102971341,BURGLARY-RESIDENCE,413,7,2
102971351,LARCENY-NON VEHICLE,414,7,2
102971359,LARCENY-NON VEHICLE,415,7,2
102971381,LARCENY-FROM VEHICLE,416,7,2
102971385,LARCENY-NON VEHICLE,417,7,4
102971408,LARCENY-FROM VEHICLE,418,7,2
102971457,LARCENY-FROM VEHICLE,419,7,2
102971494,LARCENY-FROM VEHICLE,420,7,4
102971504,LARCENY-NON VEHICLE,40,7,1
102971524,LARCENY-NON VEHICLE,421,7,2
102971556,AUTO THEFT,422,7,2
102971560,LARCENY-FROM VEHICLE,423,7,3
102971645,LARCENY-FROM VEHICLE,424,7,4
102971668,LARCENY-FROM VEHICLE,425,7,2
102971698,LARCENY-FROM VEHICLE,416,7,2
102971710,AGG ASSAULT,426,7,2
102971749,BURGLARY-RESIDENCE,427,7,2
102971794,BURGLARY-RESIDENCE,123,7,2
102971799,LARCENY-NON VEHICLE,428,7,4
102971879,LARCENY-FROM VEHICLE,429,7,3
102971898,LARCENY-NON VEHICLE,40,7,1
102971900,LARCENY-FROM VEHICLE,430,7,2
102971939,LARCENY-NON VEHICLE,281,7,6
102971966,AGG ASSAULT,431,7,2
102970312,AGG ASSAULT,432,7,2
102970488,AGG ASSAULT,348,7,2
102970520,LARCENY-NON VEHICLE,433,7,2
102970536,LARCENY-FROM VEHICLE,434,7,2
102970541,RAPE,435,7,2
102970552,ROBBERY-PEDESTRIAN,436,7,4
102970569,AGG ASSAULT,437,7,6
102970619,AUTO THEFT,438,7,2
102970676,AUTO THEFT,439,7,2
102970689,AUTO THEFT,440,7,2
102970702,LARCENY-NON VEHICLE,89,7,2
102970765,LARCENY-NON VEHICLE,441,7,2
102970779,LARCENY-FROM VEHICLE,442,7,2
102970786,AUTO THEFT,443,7,2
102970800,LARCENY-FROM VEHICLE,444,7,2
102970827,LARCENY-FROM VEHICLE,445,7,5
102970847,AUTO THEFT,446,7,2
102970849,BURGLARY-RESIDENCE,447,7,2
102970866,AGG ASSAULT,448,7,4
102970882,LARCENY-FROM VEHICLE,97,7,3
102970884,LARCENY-FROM VEHICLE,449,7,2
102970989,LARCENY-FROM VEHICLE,378,7,2
102971030,LARCENY-FROM VEHICLE,450,7,2
102971031,LARCENY-FROM VEHICLE,451,7,2
102971051,AUTO THEFT,452,7,2
102971074,BURGLARY-RESIDENCE,453,7,2
102971109,LARCENY-NON VEHICLE,148,7,1
102960945,LARCENY-NON VEHICLE,454,7,2
102960972,BURGLARY-RESIDENCE,455,8,2
102960981,LARCENY-FROM VEHICLE,456,8,2
102960988,LARCENY-NON VEHICLE,58,8,4
102961096,BURGLARY-RESIDENCE,457,8,2
102961099,LARCENY-FROM VEHICLE,458,8,2
102961133,LARCENY-FROM VEHICLE,459,8,1
102961157,AUTO THEFT,460,8,2
102961202,AUTO THEFT,0,8,0
102961248,BURGLARY-RESIDENCE,461,8,2
102961257,LARCENY-NON VEHICLE,462,8,4
102961270,LARCENY-NON VEHICLE,325,8,2
102961288,LARCENY-FROM VEHICLE,463,8,2
102961289,LARCENY-FROM VEHICLE,464,8,5
102961328,LARCENY-NON VEHICLE,465,8,2
102961360,LARCENY-FROM VEHICLE,466,8,2
102961388,ROBBERY-PEDESTRIAN,227,8,2
102961404,LARCENY-NON VEHICLE,467,8,2
102961413,LARCENY-FROM VEHICLE,468,8,2
102961425,LARCENY-FROM VEHICLE,469,8,7
102961438,LARCENY-NON VEHICLE,470,8,8
102961439,AGG ASSAULT,471,8,2
102961440,BURGLARY-RESIDENCE,472,8,2
102961449,LARCENY-FROM VEHICLE,473,8,2
102961462,LARCENY-FROM VEHICLE,474,8,2
102961472,LARCENY-NON VEHICLE,475,8,2
102961486,LARCENY-NON VEHICLE,281,8,6
102961575,LARCENY-FROM VEHICLE,476,8,2
102961745,AGG ASSAULT,477,8,4
102961780,LARCENY-NON VEHICLE,478,8,4
102961848,LARCENY-FROM VEHICLE,479,8,2
102961865,LARCENY-NON VEHICLE,480,8,2
102961869,AUTO THEFT,481,8,2
102961899,AGG ASSAULT,482,8,2
102962014,LARCENY-FROM VEHICLE,483,8,6
102962061,LARCENY-NON VEHICLE,142,8,4
102962093,LARCENY-NON VEHICLE,40,8,1
102962115,LARCENY-NON VEHICLE,484,8,2
102962135,ROBBERY-PEDESTRIAN,485,8,2
102952514,BURGLARY-RESIDENCE,486,8,2
102960148,ROBBERY-PEDESTRIAN,487,8,3
102960284,BURGLARY-RESIDENCE,488,8,2
102960346,LARCENY-FROM VEHICLE,489,8,0
102960367,LARCENY-FROM VEHICLE,490,8,3
102960369,AUTO THEFT,491,8,3
102960421,AGG ASSAULT,492,8,5
102960497,ROBBERY-PEDESTRIAN,493,8,4
102960519,LARCENY-FROM VEHICLE,494,8,4
102960531,LARCENY-NON VEHICLE,495,8,2
102960558,AUTO THEFT,496,8,2
102960587,BURGLARY-NONRES,497,8,4
102960593,BURGLARY-RESIDENCE,498,8,2
102960681,AUTO THEFT,499,8,2
102960736,LARCENY-FROM VEHICLE,498,8,2
102960770,BURGLARY-NONRES,500,8,4
102960795,AGG ASSAULT,501,8,2
102960825,LARCENY-NON VEHICLE,502,8,2
102960826,LARCENY-FROM VEHICLE,503,8,2
102960875,LARCENY-FROM VEHICLE,504,8,2
102960876,AUTO THEFT,505,8,2
102960928,BURGLARY-RESIDENCE,506,8,2
102960944,ROBBERY-COMMERCIAL,507,8,2
102962510,AGG ASSAULT,508,8,2
102962222,AUTO THEFT,509,8,6
102962235,ROBBERY-PEDESTRIAN,510,8,2
102962284,AGG ASSAULT,511,8,2
102962298,AGG ASSAULT,512,8,2
102962314,LARCENY-NON VEHICLE,513,8,2
102962349,LARCENY-NON VEHICLE,514,8,2
102952816,AUTO THEFT,515,8,2
102952832,LARCENY-FROM VEHICLE,194,9,4
102942462,BURGLARY-NONRES,516,9,2
102952646,AGG ASSAULT,517,9,2
102952695,LARCENY-FROM VEHICLE,518,9,3
102952777,AGG ASSAULT,519,9,2
102950010,LARCENY-FROM VEHICLE,101,9,2
102950054,LARCENY-FROM VEHICLE,520,9,3
102950093,AUTO THEFT,521,9,4
102950278,LARCENY-FROM VEHICLE,522,9,4
102950292,AUTO THEFT,523,9,6
102950356,BURGLARY-NONRES,524,9,2
102950434,ROBBERY-PEDESTRIAN,525,9,6
102950477,BURGLARY-RESIDENCE,526,9,2
102950559,LARCENY-FROM VEHICLE,141,9,3
102950567,LARCENY-FROM VEHICLE,527,9,2
102950595,LARCENY-FROM VEHICLE,528,9,3
102950596,LARCENY-FROM VEHICLE,529,9,4
102950739,BURGLARY-RESIDENCE,530,9,2
102950851,LARCENY-NON VEHICLE,531,9,2
102950871,LARCENY-FROM VEHICLE,532,9,2
102950878,LARCENY-FROM VEHICLE,533,9,2
102950910,BURGLARY-NONRES,534,9,2
102950952,BURGLARY-RESIDENCE,535,9,2
102950954,LARCENY-NON VEHICLE,536,9,4
102950960,LARCENY-NON VEHICLE,537,9,4
102950975,ROBBERY-PEDESTRIAN,538,9,2
102950980,AUTO THEFT,539,9,2
102950996,BURGLARY-NONRES,540,9,2
102951043,AUTO THEFT,541,9,2
102951067,BURGLARY-RESIDENCE,542,9,2
102951082,BURGLARY-NONRES,543,9,2
102951121,AUTO THEFT,544,9,2
102951127,LARCENY-NON VEHICLE,545,9,2
102951152,LARCENY-FROM VEHICLE,141,9,3
102951188,BURGLARY-RESIDENCE,546,9,2
102951219,LARCENY-NON VEHICLE,325,9,2
102951259,BURGLARY-RESIDENCE,547,9,2
102951268,LARCENY-FROM VEHICLE,548,9,2
102951271,LARCENY-NON VEHICLE,549,9,2
102951294,ROBBERY-PEDESTRIAN,550,9,4
102951333,LARCENY-NON VEHICLE,551,9,2
102951359,LARCENY-NON VEHICLE,552,9,2
102951378,BURGLARY-NONRES,553,9,2
102951410,LARCENY-NON VEHICLE,554,9,6
102951414,BURGLARY-RESIDENCE,555,9,8
102951432,AGG ASSAULT,556,9,2
102951449,AGG ASSAULT,557,9,2
102951492,LARCENY-FROM VEHICLE,558,9,2
102951496,LARCENY-FROM VEHICLE,559,9,2
102951514,BURGLARY-RESIDENCE,560,9,2
102951681,LARCENY-NON VEHICLE,561,9,2
102951690,BURGLARY-RESIDENCE,562,9,2
102951773,BURGLARY-RESIDENCE,563,9,2
102951826,AUTO THEFT,564,9,2
102951841,BURGLARY-RESIDENCE,565,9,2
102951929,LARCENY-FROM VEHICLE,566,9,4
102951948,LARCENY-NON VEHICLE,567,9,1
102951981,AGG ASSAULT,568,9,6
102951997,AGG ASSAULT,569,9,2
102952001,LARCENY-NON VEHICLE,148,9,1
102952007,LARCENY-FROM VEHICLE,570,9,3
102952085,LARCENY-FROM VEHICLE,571,9,4
102952164,LARCENY-FROM VEHICLE,572,9,2
102952165,AUTO THEFT,390,9,2
102952204,LARCENY-FROM VEHICLE,46,9,2
102952250,LARCENY-FROM VEHICLE,339,9,3
102952278,AUTO THEFT,573,9,2
102952283,AUTO THEFT,574,9,2
102952324,LARCENY-FROM VEHICLE,459,9,1
102952382,LARCENY-FROM VEHICLE,575,9,4
102952465,ROBBERY-PEDESTRIAN,576,9,6
102940021,ROBBERY-PEDESTRIAN,577,10,2
102940091,AUTO THEFT,107,10,2
102940177,AUTO THEFT,186,10,1
102940231,BURGLARY-NONRES,436,10,4
102940280,ROBBERY-PEDESTRIAN,578,10,4
102940281,LARCENY-FROM VEHICLE,579,10,2
102940306,LARCENY-FROM VEHICLE,580,10,2
102940316,LARCENY-FROM VEHICLE,581,10,2
102940318,ROBBERY-COMMERCIAL,582,10,4
102940359,LARCENY-FROM VEHICLE,583,10,3
102940445,AGG ASSAULT,584,10,2
102940485,AUTO THEFT,585,10,2
102940514,BURGLARY-NONRES,586,10,2
102940536,BURGLARY-RESIDENCE,587,10,2
102940538,AUTO THEFT,588,10,6
102940610,AUTO THEFT,589,10,2
102940639,BURGLARY-NONRES,590,10,2
102940669,LARCENY-NON VEHICLE,277,10,4
102940677,LARCENY-NON VEHICLE,591,10,3
102940813,BURGLARY-RESIDENCE,592,10,2
102940854,BURGLARY-RESIDENCE,593,10,2
102940860,BURGLARY-RESIDENCE,452,10,2
102940918,LARCENY-FROM VEHICLE,594,10,6
102940961,BURGLARY-RESIDENCE,595,10,2
102940973,LARCENY-FROM VEHICLE,596,10,2
102940981,LARCENY-FROM VEHICLE,597,10,4
102941051,LARCENY-NON VEHICLE,598,10,2
102941064,LARCENY-FROM VEHICLE,599,10,2
102941066,AUTO THEFT,600,10,4
102941078,BURGLARY-RESIDENCE,601,10,2
102941080,LARCENY-FROM VEHICLE,602,10,3
102941096,BURGLARY-RESIDENCE,603,10,2
102941098,LARCENY-NON VEHICLE,604,10,6
102941107,LARCENY-FROM VEHICLE,605,10,2
102941110,BURGLARY-RESIDENCE,606,10,2
102941176,BURGLARY-RESIDENCE,607,10,2
102941282,LARCENY-FROM VEHICLE,608,10,2
102941310,LARCENY-NON VEHICLE,609,10,3
102941332,LARCENY-FROM VEHICLE,610,10,2
102941340,LARCENY-FROM VEHICLE,611,10,2
102941408,LARCENY-NON VEHICLE,612,10,2
102941426,BURGLARY-RESIDENCE,613,10,2
102941497,BURGLARY-RESIDENCE,614,10,2
102941770,LARCENY-NON VEHICLE,615,10,3
102941805,BURGLARY-RESIDENCE,616,10,2
102941827,LARCENY-NON VEHICLE,617,10,2
102941836,BURGLARY-RESIDENCE,618,10,2
102941867,BURGLARY-RESIDENCE,619,10,4
102941900,AGG ASSAULT,620,10,2
102941904,LARCENY-NON VEHICLE,621,10,7
102941979,BURGLARY-RESIDENCE,622,10,2
102942010,LARCENY-FROM VEHICLE,623,10,2
102942027,LARCENY-FROM VEHICLE,624,10,2
102942162,ROBBERY-COMMERCIAL,236,10,2
102942212,LARCENY-FROM VEHICLE,390,10,2
102942254,AUTO THEFT,625,10,4
102942264,LARCENY-NON VEHICLE,626,10,2
102942404,AGG ASSAULT,627,10,2
102942418,ROBBERY-PEDESTRIAN,628,10,2
102942423,ROBBERY-PEDESTRIAN,629,10,2
102942437,LARCENY-FROM VEHICLE,630,10,2
102942441,LARCENY-FROM VEHICLE,631,10,2
102942468,LARCENY-FROM VEHICLE,632,10,2
102942504,LARCENY-FROM VEHICLE,520,10,3
102942586,LARCENY-FROM VEHICLE,633,10,2
102932722,LARCENY-FROM VEHICLE,634,10,4
102931388,AGG ASSAULT,635,10,2
102931390,LARCENY-FROM VEHICLE,636,11,8
102931393,LARCENY-NON VEHICLE,637,11,2
102931469,BURGLARY-RESIDENCE,638,11,2
102931480,BURGLARY-RESIDENCE,382,11,2
102931495,LARCENY-FROM VEHICLE,639,11,2
102931507,LARCENY-NON VEHICLE,38,11,7
102931508,AUTO THEFT,640,11,2
102931531,LARCENY-NON VEHICLE,641,11,3
102931545,AGG ASSAULT,642,11,2
102931599,LARCENY-FROM VEHICLE,378,11,2
102931644,LARCENY-NON VEHICLE,643,11,2
102931698,LARCENY-FROM VEHICLE,644,11,2
102931702,BURGLARY-RESIDENCE,348,11,2
102931713,BURGLARY-RESIDENCE,645,11,2
102931749,LARCENY-NON VEHICLE,40,11,1
102931896,BURGLARY-RESIDENCE,646,11,2
102931992,BURGLARY-RESIDENCE,647,11,2
102932004,LARCENY-NON VEHICLE,648,11,2
102932021,LARCENY-FROM VEHICLE,634,11,4
102932024,LARCENY-FROM VEHICLE,649,11,2
102932045,BURGLARY-RESIDENCE,650,11,2
102932057,BURGLARY-RESIDENCE,651,11,2
102932099,AGG ASSAULT,652,11,2
102932214,AUTO THEFT,39,11,6
102932243,LARCENY-FROM VEHICLE,653,11,3
102932267,LARCENY-FROM VEHICLE,624,11,2
102932309,LARCENY-FROM VEHICLE,654,11,0
102932368,BURGLARY-RESIDENCE,655,11,6
102932369,AGG ASSAULT,656,11,2
102932423,ROBBERY-PEDESTRIAN,657,11,2
102932426,LARCENY-NON VEHICLE,40,11,1
102921513,ROBBERY-COMMERCIAL,658,11,1
102930026,LARCENY-FROM VEHICLE,659,11,2
102930041,ROBBERY-PEDESTRIAN,660,11,2
102930299,AUTO THEFT,661,11,2
102930315,ROBBERY-PEDESTRIAN,662,11,6
102930365,AGG ASSAULT,663,11,4
102930403,BURGLARY-NONRES,664,11,2
102930430,ROBBERY-PEDESTRIAN,665,11,2
102930492,BURGLARY-NONRES,666,11,2
102930537,LARCENY-FROM VEHICLE,667,11,3
102930601,LARCENY-FROM VEHICLE,668,11,4
102930603,LARCENY-FROM VEHICLE,669,11,2
102930619,LARCENY-FROM VEHICLE,670,11,3
102930765,LARCENY-FROM VEHICLE,671,11,2
102930793,LARCENY-FROM VEHICLE,101,11,2
102930823,LARCENY-NON VEHICLE,672,11,4
102930834,AUTO THEFT,673,11,2
102930851,AGG ASSAULT,674,11,2
102930886,ROBBERY-COMMERCIAL,675,11,2
102930904,AGG ASSAULT,676,11,2
102930907,LARCENY-FROM VEHICLE,677,11,2
102930917,BURGLARY-NONRES,678,11,2
102931019,LARCENY-NON VEHICLE,679,11,2
102931045,LARCENY-FROM VEHICLE,680,11,2
102931069,LARCENY-FROM VEHICLE,681,11,2
102931091,LARCENY-NON VEHICLE,186,11,1
102931282,AGG ASSAULT,682,11,2
102931284,LARCENY-FROM VEHICLE,683,11,2
102931314,ROBBERY-PEDESTRIAN,684,11,4
102931320,AUTO THEFT,685,11,2
102931326,LARCENY-NON VEHICLE,686,11,2
102931368,LARCENY-FROM VEHICLE,687,11,4
102932427,ROBBERY-PEDESTRIAN,688,11,2
102932445,ROBBERY-PEDESTRIAN,689,11,3
102932498,ROBBERY-PEDESTRIAN,690,11,2
102932525,LARCENY-FROM VEHICLE,691,11,4
102932550,LARCENY-FROM VEHICLE,692,11,2
102932599,LARCENY-FROM VEHICLE,693,11,4
102932618,LARCENY-FROM VEHICLE,694,11,3
102932634,AGG ASSAULT,695,11,2
102932645,AGG ASSAULT,696,11,2
102932656,ROBBERY-PEDESTRIAN,697,11,2
102932695,BURGLARY-RESIDENCE,227,11,2
102920021,LARCENY-FROM VEHICLE,698,12,4
102920022,AGG ASSAULT,699,12,2
102920085,AGG ASSAULT,700,12,2
102920162,LARCENY-FROM VEHICLE,701,12,3
102920297,LARCENY-FROM VEHICLE,702,12,10
102920313,BURGLARY-RESIDENCE,703,12,2
102920390,LARCENY-FROM VEHICLE,704,12,2
102920399,LARCENY-FROM VEHICLE,705,12,2
102920458,LARCENY-FROM VEHICLE,88,12,9
102920576,AUTO THEFT,706,12,2
102920582,LARCENY-FROM VEHICLE,707,12,2
102920620,AUTO THEFT,708,12,2
102920650,AUTO THEFT,158,12,2
102920768,LARCENY-NON VEHICLE,709,12,2
102920907,LARCENY-NON VEHICLE,710,12,2
102920947,LARCENY-NON VEHICLE,711,12,2
102920958,BURGLARY-RESIDENCE,712,12,2
102921031,LARCENY-NON VEHICLE,713,12,4
102921035,LARCENY-NON VEHICLE,115,12,1
102921070,AUTO THEFT,714,12,2
102921081,AGG ASSAULT,715,12,2
102921135,LARCENY-NON VEHICLE,716,12,0
102921153,BURGLARY-RESIDENCE,717,12,2
102921258,LARCENY-NON VEHICLE,115,12,1
102921287,BURGLARY-RESIDENCE,718,12,2
102921326,LARCENY-FROM VEHICLE,719,12,6
102921401,AGG ASSAULT,720,12,6
102921405,LARCENY-NON VEHICLE,721,12,2
102921412,LARCENY-NON VEHICLE,722,12,3
102921418,LARCENY-NON VEHICLE,723,12,3
102921480,LARCENY-FROM VEHICLE,724,12,2
102921517,LARCENY-NON VEHICLE,725,12,2
102921545,LARCENY-FROM VEHICLE,726,12,2
102921554,LARCENY-NON VEHICLE,115,12,1
102921589,BURGLARY-RESIDENCE,164,12,2
102921613,BURGLARY-RESIDENCE,727,12,2
102921652,LARCENY-FROM VEHICLE,728,12,3
102921655,LARCENY-FROM VEHICLE,729,12,6
102921723,AGG ASSAULT,730,12,1
102921742,LARCENY-NON VEHICLE,186,12,1
102921770,AUTO THEFT,731,12,2
102921810,LARCENY-NON VEHICLE,732,12,4
102921956,LARCENY-FROM VEHICLE,561,12,2
102921990,LARCENY-NON VEHICLE,159,12,3
102922030,LARCENY-NON VEHICLE,733,12,2
102922044,LARCENY-FROM VEHICLE,734,12,8
102922103,LARCENY-NON VEHICLE,735,12,2
102922171,LARCENY-FROM VEHICLE,736,12,3
102922194,BURGLARY-RESIDENCE,737,12,2
102922341,AUTO THEFT,738,12,2
102922355,LARCENY-FROM VEHICLE,739,12,2
102922436,LARCENY-NON VEHICLE,740,12,2
102922486,LARCENY-FROM VEHICLE,741,12,2
102922520,BURGLARY-RESIDENCE,742,12,2
102922560,LARCENY-FROM VEHICLE,743,12,4
102912257,LARCENY-FROM VEHICLE,744,12,2
102912269,BURGLARY-RESIDENCE,745,12,2
102912284,BURGLARY-RESIDENCE,746,13,2
102912293,BURGLARY-RESIDENCE,747,13,2
102912309,AGG ASSAULT,86,13,2
102901754,LARCENY-NON VEHICLE,748,13,2
102912101,AGG ASSAULT,482,13,2
102912109,LARCENY-NON VEHICLE,40,13,1
102912110,LARCENY-FROM VEHICLE,749,13,2
102912120,LARCENY-NON VEHICLE,750,13,2
102912125,LARCENY-FROM VEHICLE,188,13,3
102912146,LARCENY-FROM VEHICLE,281,13,6
102912154,LARCENY-FROM VEHICLE,751,13,2
102912178,LARCENY-FROM VEHICLE,752,13,2
102912180,LARCENY-FROM VEHICLE,753,13,2
102912224,LARCENY-FROM VEHICLE,754,13,2
102912229,LARCENY-FROM VEHICLE,755,13,2
102911561,LARCENY-NON VEHICLE,756,13,2
102911613,AGG ASSAULT,757,13,2
102911663,BURGLARY-RESIDENCE,758,13,2
102911692,LARCENY-FROM VEHICLE,759,13,2
102911722,BURGLARY-RESIDENCE,760,13,2
102911735,LARCENY-FROM VEHICLE,761,13,2
102911794,BURGLARY-RESIDENCE,762,13,2
102911843,LARCENY-NON VEHICLE,763,13,2
102911880,LARCENY-FROM VEHICLE,764,13,3
102911894,BURGLARY-RESIDENCE,765,13,2
102912000,LARCENY-NON VEHICLE,766,13,5
102912004,LARCENY-FROM VEHICLE,767,13,2
102912028,LARCENY-FROM VEHICLE,544,13,6
102912044,AGG ASSAULT,768,13,2
102911098,BURGLARY-RESIDENCE,769,13,2
102911127,BURGLARY-RESIDENCE,770,13,2
102911144,BURGLARY-RESIDENCE,771,13,2
102911174,AUTO THEFT,594,13,6
102911184,LARCENY-NON VEHICLE,133,13,2
102911186,LARCENY-FROM VEHICLE,772,13,2
102911193,AUTO THEFT,773,13,2
102911214,BURGLARY-NONRES,774,13,2
102911240,LARCENY-NON VEHICLE,775,13,8
102911242,BURGLARY-RESIDENCE,776,13,2
102911249,BURGLARY-RESIDENCE,777,13,2
102911489,BURGLARY-RESIDENCE,778,13,2
102910045,LARCENY-NON VEHICLE,4,13,2
102910169,LARCENY-FROM VEHICLE,779,13,2
102910200,BURGLARY-NONRES,780,13,2
102910206,BURGLARY-RESIDENCE,463,13,2
102910334,LARCENY-NON VEHICLE,80,13,4
102910343,LARCENY-FROM VEHICLE,528,13,3
102910370,AGG ASSAULT,199,13,8
102910408,LARCENY-FROM VEHICLE,781,13,2
102910413,LARCENY-FROM VEHICLE,782,13,2
102910524,LARCENY-NON VEHICLE,783,13,2
102910575,LARCENY-NON VEHICLE,784,13,2
102910590,LARCENY-NON VEHICLE,785,13,2
102910626,LARCENY-FROM VEHICLE,786,13,2
102910630,AUTO THEFT,787,13,2
102910689,LARCENY-FROM VEHICLE,743,13,4
102910706,BURGLARY-NONRES,788,13,2
102910716,LARCENY-FROM VEHICLE,491,13,3
102910770,LARCENY-FROM VEHICLE,789,13,2
102910784,LARCENY-NON VEHICLE,790,13,4
102910811,BURGLARY-RESIDENCE,791,13,2
102910813,LARCENY-FROM VEHICLE,743,13,4
102910830,LARCENY-FROM VEHICLE,251,13,2
102910856,AUTO THEFT,626,13,2
102910889,LARCENY-NON VEHICLE,115,13,1
102910894,AUTO THEFT,792,13,2
102910903,BURGLARY-RESIDENCE,793,13,2
102910929,BURGLARY-RESIDENCE,794,13,2
102910992,LARCENY-FROM VEHICLE,795,13,1
102911002,LARCENY-NON VEHICLE,796,13,2
102911004,BURGLARY-RESIDENCE,797,13,2
102911050,ROBBERY-PEDESTRIAN,798,13,2
102810838,BURGLARY-NONRES,799,13,4
102901562,AGG ASSAULT,800,14,2
102901567,LARCENY-NON VEHICLE,115,14,1
102901588,ROBBERY-PEDESTRIAN,347,14,2
102892204,BURGLARY-RESIDENCE,801,14,2
102901651,LARCENY-FROM VEHICLE,802,14,3
102901682,LARCENY-FROM VEHICLE,803,14,2
102901693,ROBBERY-PEDESTRIAN,804,14,2
102901695,BURGLARY-RESIDENCE,805,14,2
102901697,AUTO THEFT,806,14,4
102901704,LARCENY-FROM VEHICLE,807,14,4
102891196,LARCENY-NON VEHICLE,808,14,2
102900074,LARCENY-FROM VEHICLE,809,14,2
102900094,AUTO THEFT,731,14,2
102900189,BURGLARY-NONRES,86,14,2
102900202,LARCENY-FROM VEHICLE,704,14,2
102900238,LARCENY-FROM VEHICLE,810,14,2
102900240,AUTO THEFT,811,14,2
102900261,LARCENY-FROM VEHICLE,812,14,2
102900290,LARCENY-FROM VEHICLE,523,14,6
102900291,LARCENY-FROM VEHICLE,813,14,4
102900294,LARCENY-FROM VEHICLE,814,14,2
102900340,LARCENY-FROM VEHICLE,815,14,3
102900364,LARCENY-FROM VEHICLE,816,14,2
102900366,LARCENY-FROM VEHICLE,817,14,2
102900370,LARCENY-FROM VEHICLE,425,14,2
102900420,ROBBERY-PEDESTRIAN,818,14,2
102900455,LARCENY-FROM VEHICLE,779,14,2
102900486,LARCENY-FROM VEHICLE,819,14,4
102900487,ROBBERY-PEDESTRIAN,820,14,4
102900490,AUTO THEFT,821,14,2
102900549,LARCENY-FROM VEHICLE,822,14,2
102900606,LARCENY-FROM VEHICLE,823,14,3
102900632,LARCENY-FROM VEHICLE,824,14,2
102900678,AUTO THEFT,825,14,2
102900685,BURGLARY-RESIDENCE,826,14,2
102900689,LARCENY-FROM VEHICLE,827,14,4
102900737,AUTO THEFT,158,14,2
102900757,LARCENY-NON VEHICLE,828,14,3
102900798,BURGLARY-NONRES,829,14,3
102900801,LARCENY-NON VEHICLE,830,14,2
102900902,LARCENY-FROM VEHICLE,831,14,2
102900972,AUTO THEFT,832,14,4
102900987,LARCENY-NON VEHICLE,833,14,4
102900997,AUTO THEFT,834,14,2
102901013,BURGLARY-RESIDENCE,770,14,2
102901016,LARCENY-FROM VEHICLE,407,14,2
102901109,LARCENY-FROM VEHICLE,115,14,1
102901196,LARCENY-FROM VEHICLE,425,14,2
102901224,LARCENY-NON VEHICLE,115,14,1
102901250,LARCENY-FROM VEHICLE,835,14,2
102901303,ROBBERY-PEDESTRIAN,211,14,5
102901308,ROBBERY-PEDESTRIAN,836,14,4
102901320,LARCENY-FROM VEHICLE,837,14,2
102901378,AGG ASSAULT,838,14,2
102901416,LARCENY-FROM VEHICLE,839,14,3
102901420,LARCENY-NON VEHICLE,840,14,2
102901436,BURGLARY-NONRES,841,14,2
102901760,LARCENY-FROM VEHICLE,842,14,2
102901802,ROBBERY-PEDESTRIAN,843,14,2
102901804,AUTO THEFT,844,14,11
102901837,ROBBERY-COMMERCIAL,845,14,2
102901858,LARCENY-FROM VEHICLE,846,14,0
102901877,LARCENY-FROM VEHICLE,847,14,3
102901905,LARCENY-FROM VEHICLE,848,14,2
102891210,BURGLARY-RESIDENCE,849,15,2
102891268,AGG ASSAULT,850,15,2
102891286,BURGLARY-RESIDENCE,851,15,2
102891315,LARCENY-NON VEHICLE,40,15,1
102891319,LARCENY-NON VEHICLE,115,15,1
102891345,AUTO THEFT,852,15,6
102891421,LARCENY-NON VEHICLE,277,15,4
102891445,LARCENY-NON VEHICLE,115,15,1
102891471,LARCENY-NON VEHICLE,142,15,4
102891483,LARCENY-FROM VEHICLE,853,15,2
102891506,BURGLARY-RESIDENCE,854,15,2
102891553,LARCENY-NON VEHICLE,855,15,2
102891566,ROBBERY-PEDESTRIAN,856,15,2
102891678,LARCENY-NON VEHICLE,40,15,1
102891748,AGG ASSAULT,857,15,2
102891823,ROBBERY-PEDESTRIAN,858,15,2
102891919,LARCENY-FROM VEHICLE,859,15,4
102891920,LARCENY-FROM VEHICLE,860,15,3
102891939,AUTO THEFT,861,15,4
102891958,AGG ASSAULT,862,15,2
102891986,AUTO THEFT,863,15,2
102892022,AUTO THEFT,864,15,4
102892150,ROBBERY-PEDESTRIAN,865,15,2
102892191,AGG ASSAULT,866,15,2
102892195,LARCENY-FROM VEHICLE,867,15,3
102890018,LARCENY-FROM VEHICLE,624,15,2
